7.3499 g of NaCl are dissolved in 450.0 mL of water. What is the concentration of NaCl (in M) in resulting the solution? (NaCl is  58.443 g/mol),  2.795E-01 M,  1.099E-01 M,  1.695E-01 M,  1.397E-01 M,  5.589E-01 M
6.2157 g of KCl are dissolved in 300.0 mL of water. What is the concentration of KCl (in M) in resulting the solution? (KCl is  74.551 g/mol),  2.779E-01 M,  1.458E-01 M,  1.322E-01 M,  1.390E-01 M,  5.558E-01 M
3.7175 g of LiCl are dissolved in 450.0 mL of water. What is the concentration of LiCl (in M) in resulting the solution? (LiCl is  42.394 g/mol),  1.949E-01 M,  3.190E-02 M,  1.630E-01 M,  9.743E-02 M,  3.897E-01 M
1.1262 g of MgCl<sub>2</sub> are dissolved in 450.0 mL of water. What is the concentration of MgCl<sub>2</sub> (in M) in resulting the solution? (MgCl<sub>2</sub> is  95.211 g/mol),  2.628E-02 M,  6.710E-03 M,  1.957E-02 M,  8.762E-03 M,  7.885E-02 M
8.3304 g of CaCl<sub>2</sub> are dissolved in 450.0 mL of water. What is the concentration of CaCl<sub>2</sub> (in M) in resulting the solution? (CaCl<sub>2</sub> is 110.986 g/mol),  1.668E-01 M,  6.023E-02 M,  1.066E-01 M,  5.560E-02 M,  5.004E-01 M
1.4082 g of SrCl<sub>2</sub> are dissolved in 300.0 mL of water. What is the concentration of SrCl<sub>2</sub> (in M) in resulting the solution? (SrCl<sub>2</sub> is 158.526 g/mol),  2.961E-02 M,  1.637E-02 M,  1.324E-02 M,  9.870E-03 M,  8.883E-02 M
8.7636 g of AlCl<sub>3</sub> are dissolved in 450.0 mL of water. What is the concentration of AlCl<sub>3</sub> (in M) in resulting the solution? (AlCl<sub>3</sub> is 133.341 g/mol),  1.461E-01 M,  2.955E-02 M,  1.165E-01 M,  3.651E-02 M,  5.842E-01 M
4.3618 g of GaCl<sub>3</sub> are dissolved in 600.0 mL of water. What is the concentration of GaCl<sub>3</sub> (in M) in resulting the solution? (GaCl<sub>3</sub> is 176.079 g/mol),  4.129E-02 M,  1.635E-02 M,  2.494E-02 M,  1.032E-02 M,  1.651E-01 M
8.8430 g of FeCl<sub>3</sub> are dissolved in 150.0 mL of water. What is the concentration of FeCl<sub>3</sub> (in M) in resulting the solution? (FeCl<sub>3</sub> is 162.206 g/mol),  3.634E-01 M,  1.251E-01 M,  2.383E-01 M,  9.086E-02 M,  1.454E+00 M
9.5460 g of SnCl<sub>4</sub> are dissolved in 300.0 mL of water. What is the concentration of SnCl<sub>4</sub> (in M) in resulting the solution? (SnCl<sub>4</sub> is 260.502 g/mol),  1.221E-01 M,  5.565E-02 M,  6.650E-02 M,  2.443E-02 M,  6.107E-01 M
5.7238 g of Na<sub>2</sub>S are dissolved in 450.0 mL of water. What is the concentration of Na<sub>2</sub>S (in M) in resulting the solution? (Na<sub>2</sub>S is  78.040 g/mol),  1.630E-01 M,  9.603E-02 M,  6.696E-02 M,  5.433E-02 M,  4.890E-01 M
1.4815 g of K<sub>2</sub>S are dissolved in 450.0 mL of water. What is the concentration of K<sub>2</sub>S (in M) in resulting the solution? (K<sub>2</sub>S is 110.257 g/mol),  2.986E-02 M,  2.118E-02 M,  8.683E-03 M,  9.953E-03 M,  8.958E-02 M
5.2183 g of Rb<sub>2</sub>S are dissolved in 300.0 mL of water. What is the concentration of Rb<sub>2</sub>S (in M) in resulting the solution? (Rb<sub>2</sub>S is 203.000 g/mol),  8.569E-02 M,  7.215E-02 M,  1.353E-02 M,  2.856E-02 M,  2.571E-01 M
6.6043 g of Co<sub>2</sub>(SO<sub>4</sub>)<sub>3</sub> are dissolved in 450.0 mL of water. What is the concentration of Co<sub>2</sub>(SO<sub>4</sub>)<sub>3</sub> (in M) in resulting the solution? (Co<sub>2</sub>(SO<sub>4</sub>)<sub>3</sub> is 406.034 g/mol),  3.615E-02 M,  1.049E-02 M,  2.565E-02 M,  7.229E-03 M,  1.807E-01 M
3.3741 g of Fe<sub>2</sub>(SO<sub>4</sub>)<sub>3</sub> are dissolved in 300.0 mL of water. What is the concentration of Fe<sub>2</sub>(SO<sub>4</sub>)<sub>3</sub> (in M) in resulting the solution? (Fe<sub>2</sub>(SO<sub>4</sub>)<sub>3</sub> is 399.874 g/mol),  2.813E-02 M,  7.857E-03 M,  2.027E-02 M,  5.625E-03 M,  1.406E-01 M
8.4682 g of NaCl are dissolved in 450.0 mL of water. What is the concentration of Na<sup>+</sup> (in M) in resulting the solution? (NaCl is  58.443 g/mol),  3.220E-01 M,  1.267E-01 M,  1.953E-01 M,  1.610E-01 M,  6.440E-01 M
6.3025 g of KCl are dissolved in 600.0 mL of water. What is the concentration of K<sup>+</sup> (in M) in resulting the solution? (KCl is  74.551 g/mol),  1.409E-01 M,  7.389E-02 M,  6.700E-02 M,  7.045E-02 M,  2.818E-01 M
9.1987 g of LiCl are dissolved in 300.0 mL of water. What is the concentration of Li<sup>+</sup> (in M) in resulting the solution? (LiCl is  42.394 g/mol),  7.233E-01 M,  1.184E-01 M,  6.049E-01 M,  3.616E-01 M,  1.447E+00 M
7.2560 g of MgCl<sub>2</sub> are dissolved in 600.0 mL of water. What is the concentration of Mg<sup>2+</sup> (in M) in resulting the solution? (MgCl<sub>2</sub> is  95.211 g/mol),  1.270E-01 M,  3.242E-02 M,  9.459E-02 M,  4.234E-02 M,  3.811E-01 M
3.1954 g of CaCl<sub>2</sub> are dissolved in 450.0 mL of water. What is the concentration of Ca<sup>2+</sup> (in M) in resulting the solution? (CaCl<sub>2</sub> is 110.986 g/mol),  6.398E-02 M,  2.310E-02 M,  4.087E-02 M,  2.133E-02 M,  1.919E-01 M
1.9573 g of SrCl<sub>2</sub> are dissolved in 600.0 mL of water. What is the concentration of Sr<sup>2+</sup> (in M) in resulting the solution? (SrCl<sub>2</sub> is 158.526 g/mol),  2.058E-02 M,  1.137E-02 M,  9.204E-03 M,  6.859E-03 M,  6.174E-02 M
7.0856 g of AlCl<sub>3</sub> are dissolved in 150.0 mL of water. What is the concentration of Al<sup>3+</sup> (in M) in resulting the solution? (AlCl<sub>3</sub> is 133.341 g/mol),  3.543E-01 M,  7.168E-02 M,  2.826E-01 M,  8.857E-02 M,  1.417E+00 M
6.1767 g of GaCl<sub>3</sub> are dissolved in 150.0 mL of water. What is the concentration of Ga<sup>3+</sup> (in M) in resulting the solution? (GaCl<sub>3</sub> is 176.079 g/mol),  2.339E-01 M,  9.260E-02 M,  1.413E-01 M,  5.846E-02 M,  9.354E-01 M
1.9272 g of FeCl<sub>3</sub> are dissolved in 450.0 mL of water. What is the concentration of Fe<sup>3+</sup> (in M) in resulting the solution? (FeCl<sub>3</sub> is 162.206 g/mol),  2.640E-02 M,  9.090E-03 M,  1.731E-02 M,  6.601E-03 M,  1.056E-01 M
3.5603 g of SnCl<sub>4</sub> are dissolved in 150.0 mL of water. What is the concentration of Sn<sup>4+</sup> (in M) in resulting the solution? (SnCl<sub>4</sub> is 260.502 g/mol),  9.111E-02 M,  4.151E-02 M,  4.960E-02 M,  1.822E-02 M,  4.556E-01 M
3.6620 g of Na<sub>2</sub>S are dissolved in 300.0 mL of water. What is the concentration of Na<sup>+</sup> (in M) in resulting the solution? (Na<sub>2</sub>S is  78.040 g/mol),  1.564E-01 M,  9.216E-02 M,  6.426E-02 M,  5.214E-02 M,  4.692E-01 M
3.7087 g of K<sub>2</sub>S are dissolved in 600.0 mL of water. What is the concentration of K<sup>+</sup> (in M) in resulting the solution? (K<sub>2</sub>S is 110.257 g/mol),  5.606E-02 M,  3.976E-02 M,  1.630E-02 M,  1.869E-02 M,  1.682E-01 M
9.8185 g of Rb<sub>2</sub>S are dissolved in 300.0 mL of water. What is the concentration of Rb<sup>+</sup> (in M) in resulting the solution? (Rb<sub>2</sub>S is 203.000 g/mol),  1.612E-01 M,  1.358E-01 M,  2.546E-02 M,  5.374E-02 M,  4.837E-01 M
3.5045 g of Co<sub>2</sub>(SO<sub>4</sub>)<sub>3</sub> are dissolved in 150.0 mL of water. What is the concentration of Co<sup>3+</sup> (in M) in resulting the solution? (Co<sub>2</sub>(SO<sub>4</sub>)<sub>3</sub> is 406.034 g/mol),  5.754E-02 M,  1.670E-02 M,  4.084E-02 M,  1.151E-02 M,  2.877E-01 M
2.4654 g of Fe<sub>2</sub>(SO<sub>4</sub>)<sub>3</sub> are dissolved in 450.0 mL of water. What is the concentration of Fe<sup>3+</sup> (in M) in resulting the solution? (Fe<sub>2</sub>(SO<sub>4</sub>)<sub>3</sub> is 399.874 g/mol),  1.370E-02 M,  3.827E-03 M,  9.874E-03 M,  2.740E-03 M,  6.850E-02 M
4.6907 g of NaCl are dissolved in 300.0 mL of water. What is the concentration of Cl<sup>-</sup> (in M) in resulting the solution? (NaCl is  58.443 g/mol),  2.675E-01 M,  2.675E-01 M,  2.675E-01 M,  1.338E-01 M,  5.351E-01 M
7.4146 g of KCl are dissolved in 300.0 mL of water. What is the concentration of Cl<sup>-</sup> (in M) in resulting the solution? (KCl is  74.551 g/mol),  3.315E-01 M,  3.315E-01 M,  3.315E-01 M,  1.658E-01 M,  6.630E-01 M
6.6986 g of LiCl are dissolved in 300.0 mL of water. What is the concentration of Cl<sup>-</sup> (in M) in resulting the solution? (LiCl is  42.394 g/mol),  5.267E-01 M,  5.267E-01 M,  5.267E-01 M,  2.633E-01 M,  1.053E+00 M
2.6741 g of MgCl<sub>2</sub> are dissolved in 450.0 mL of water. What is the concentration of Cl<sup>-</sup> (in M) in resulting the solution? (MgCl<sub>2</sub> is  95.211 g/mol),  1.248E-01 M,  6.241E-02 M,  3.121E-02 M,  2.080E-02 M,  1.872E-01 M
1.7264 g of CaCl<sub>2</sub> are dissolved in 300.0 mL of water. What is the concentration of Cl<sup>-</sup> (in M) in resulting the solution? (CaCl<sub>2</sub> is 110.986 g/mol),  1.037E-01 M,  5.185E-02 M,  2.593E-02 M,  1.728E-02 M,  1.556E-01 M
9.1516 g of SrCl<sub>2</sub> are dissolved in 300.0 mL of water. What is the concentration of Cl<sup>-</sup> (in M) in resulting the solution? (SrCl<sub>2</sub> is 158.526 g/mol),  3.849E-01 M,  1.924E-01 M,  9.622E-02 M,  6.414E-02 M,  5.773E-01 M
8.0669 g of AlCl<sub>3</sub> are dissolved in 300.0 mL of water. What is the concentration of Cl<sup>-</sup> (in M) in resulting the solution? (AlCl<sub>3</sub> is 133.341 g/mol),  6.050E-01 M,  2.017E-01 M,  6.722E-02 M,  5.042E-02 M,  8.066E-01 M
3.6070 g of GaCl<sub>3</sub> are dissolved in 600.0 mL of water. What is the concentration of Cl<sup>-</sup> (in M) in resulting the solution? (GaCl<sub>3</sub> is 176.079 g/mol),  1.024E-01 M,  3.414E-02 M,  1.138E-02 M,  8.535E-03 M,  1.366E-01 M
6.6857 g of FeCl<sub>3</sub> are dissolved in 450.0 mL of water. What is the concentration of Cl<sup>-</sup> (in M) in resulting the solution? (FeCl<sub>3</sub> is 162.206 g/mol),  2.748E-01 M,  9.159E-02 M,  3.053E-02 M,  2.290E-02 M,  3.664E-01 M
4.8561 g of SnCl<sub>4</sub> are dissolved in 150.0 mL of water. What is the concentration of Cl<sup>-</sup> (in M) in resulting the solution? (SnCl<sub>4</sub> is 260.502 g/mol),  4.971E-01 M,  1.243E-01 M,  3.107E-02 M,  2.486E-02 M,  6.214E-01 M
6.0494 g of Na<sub>2</sub>S are dissolved in 450.0 mL of water. What is the concentration of S<sup>2-</sup> (in M) in resulting the solution? (Na<sub>2</sub>S is  78.040 g/mol),  1.723E-01 M,  3.445E-01 M,  1.723E-01 M,  5.742E-02 M,  5.168E-01 M
9.2235 g of K<sub>2</sub>S are dissolved in 600.0 mL of water. What is the concentration of S<sup>2-</sup> (in M) in resulting the solution? (K<sub>2</sub>S is 110.257 g/mol),  1.394E-01 M,  2.788E-01 M,  1.394E-01 M,  4.647E-02 M,  4.183E-01 M
1.2037 g of Rb<sub>2</sub>S are dissolved in 450.0 mL of water. What is the concentration of S<sup>2-</sup> (in M) in resulting the solution? (Rb<sub>2</sub>S is 203.000 g/mol),  1.318E-02 M,  2.635E-02 M,  1.318E-02 M,  4.392E-03 M,  3.953E-02 M
9.2455 g of Co<sub>2</sub>(SO<sub>4</sub>)<sub>3</sub> are dissolved in 300.0 mL of water. What is the concentration of SO<sub>4</sub><sup>2-</sup> (in M) in resulting the solution? (Co<sub>2</sub>(SO<sub>4</sub>)<sub>3</sub> is 406.034 g/mol),  2.277E-01 M,  1.518E-01 M,  2.530E-02 M,  1.518E-02 M,  3.795E-01 M
7.1015 g of Fe<sub>2</sub>(SO<sub>4</sub>)<sub>3</sub> are dissolved in 450.0 mL of water. What is the concentration of SO<sub>4</sub><sup>2-</sup> (in M) in resulting the solution? (Fe<sub>2</sub>(SO<sub>4</sub>)<sub>3</sub> is 399.874 g/mol),  1.184E-01 M,  7.893E-02 M,  1.316E-02 M,  7.893E-03 M,  1.973E-01 M
A solution is 202.7 ppm in NaCl. How many mg of NaCl are there in 365.7 mL of the solution?,     74.15 mg,     29.17 mg,     44.98 mg,     74.15 mg,   7415.39 mg
A solution is 170.7 ppm in KCl. How many mg of KCl are there in 351.2 mL of the solution?,     59.95 mg,     31.44 mg,     28.51 mg,     59.95 mg,   5994.94 mg
A solution is 153.9 ppm in LiCl. How many mg of LiCl are there in 263.9 mL of the solution?,     40.63 mg,      6.65 mg,     33.97 mg,     40.63 mg,   4062.62 mg
A solution is 148.8 ppm in MgCl<sub>2</sub>. How many mg of MgCl<sub>2</sub> are there in 494.8 mL of the solution?,     73.61 mg,     18.79 mg,     27.41 mg,    147.21 mg,   7360.64 mg
A solution is 112.2 ppm in CaCl<sub>2</sub>. How many mg of CaCl<sub>2</sub> are there in 347.6 mL of the solution?,     38.99 mg,     14.08 mg,     12.46 mg,     77.98 mg,   3899.19 mg
A solution is 173.0 ppm in SrCl<sub>2</sub>. How many mg of SrCl<sub>2</sub> are there in 372.5 mL of the solution?,     64.44 mg,     35.62 mg,     14.41 mg,    128.88 mg,   6443.76 mg
A solution is 131.1 ppm in AlCl<sub>3</sub>. How many mg of AlCl<sub>3</sub> are there in 368.6 mL of the solution?,     48.34 mg,      9.78 mg,     12.85 mg,    145.01 mg,   4833.74 mg
A solution is 151.5 ppm in GaCl<sub>3</sub>. How many mg of GaCl<sub>3</sub> are there in 407.2 mL of the solution?,     61.67 mg,     24.42 mg,     12.42 mg,    185.01 mg,   6167.01 mg
A solution is 208.4 ppm in FeCl<sub>3</sub>. How many mg of FeCl<sub>3</sub> are there in 289.1 mL of the solution?,     60.25 mg,     20.74 mg,     13.17 mg,    180.74 mg,   6024.74 mg
A solution is 287.7 ppm in SnCl<sub>4</sub>. How many mg of SnCl<sub>4</sub> are there in 413.6 mL of the solution?,    119.00 mg,     54.22 mg,     16.20 mg,    476.01 mg,  11900.36 mg
A solution is 201.2 ppm in Na<sub>2</sub>S. How many mg of Na<sub>2</sub>S are there in 347.6 mL of the solution?,     69.95 mg,     41.21 mg,     57.47 mg,     69.95 mg,   6994.68 mg
A solution is 121.5 ppm in K<sub>2</sub>S. How many mg of K<sub>2</sub>S are there in 446.0 mL of the solution?,     54.18 mg,     38.42 mg,     31.51 mg,     54.18 mg,   5417.77 mg
A solution is 191.9 ppm in Rb<sub>2</sub>S. How many mg of Rb<sub>2</sub>S are there in 438.4 mL of the solution?,     84.15 mg,     70.86 mg,     26.58 mg,     84.15 mg,   8414.55 mg
A solution is 219.2 ppm in Co<sub>2</sub>(SO<sub>4</sub>)<sub>3</sub>. How many mg of Co<sub>2</sub>(SO<sub>4</sub>)<sub>3</sub> are there in 458.2 mL of the solution?,    100.44 mg,     29.16 mg,     47.52 mg,    301.33 mg,  10044.23 mg
A solution is 103.8 ppm in Fe<sub>2</sub>(SO<sub>4</sub>)<sub>3</sub>. How many mg of Fe<sub>2</sub>(SO<sub>4</sub>)<sub>3</sub> are there in 302.6 mL of the solution?,     31.39 mg,      8.77 mg,     15.08 mg,     94.18 mg,   3139.44 mg
A solution is 114.8 ppm in NaCl. How many mg of NaCl are there in 276.4 mL of the solution? (NaCl:  58.44 g/mol and Na<sup>+</sup>:  22.99 g/mol),     12.48 mg,     19.24 mg,     19.24 mg,     31.72 mg,   3172.39 mg
A solution is 166.3 ppm in KCl. How many mg of KCl are there in 282.1 mL of the solution? (KCl:  74.55 g/mol and K<sup>+</sup>:  39.10 g/mol),     24.61 mg,     22.31 mg,     22.31 mg,     46.92 mg,   4691.80 mg
A solution is 100.0 ppm in LiCl. How many mg of LiCl are there in 384.2 mL of the solution? (LiCl:  42.39 g/mol and Li<sup>+</sup>:   6.94 g/mol),      6.29 mg,     32.15 mg,     32.15 mg,     38.44 mg,   3843.84 mg
A solution is 231.4 ppm in MgCl<sub>2</sub>. How many mg of MgCl<sub>2</sub> are there in 386.0 mL of the solution? (MgCl<sub>2</sub>:  95.21 g/mol and Mg<sup>2+</sup>:  24.31 g/mol),     22.80 mg,     66.52 mg,     33.26 mg,    178.65 mg,   8932.55 mg
A solution is 265.5 ppm in CaCl<sub>2</sub>. How many mg of CaCl<sub>2</sub> are there in 270.5 mL of the solution? (CaCl<sub>2</sub>: 110.99 g/mol and Ca<sup>2+</sup>:  40.08 g/mol),     25.93 mg,     45.87 mg,     22.94 mg,    143.61 mg,   7180.59 mg
A solution is 138.4 ppm in SrCl<sub>2</sub>. How many mg of SrCl<sub>2</sub> are there in 419.7 mL of the solution? (SrCl<sub>2</sub>: 158.53 g/mol and Sr<sup>2+</sup>:  87.62 g/mol),     32.10 mg,     25.98 mg,     12.99 mg,    116.17 mg,   5808.39 mg
A solution is 190.8 ppm in AlCl<sub>3</sub>. How many mg of AlCl<sub>3</sub> are there in 339.3 mL of the solution? (AlCl<sub>3</sub>: 133.34 g/mol and Al<sup>3+</sup>:  26.98 g/mol),     13.10 mg,     51.64 mg,     17.21 mg,    194.23 mg,   6474.41 mg
A solution is 130.0 ppm in GaCl<sub>3</sub>. How many mg of GaCl<sub>3</sub> are there in 426.1 mL of the solution? (GaCl<sub>3</sub>: 176.08 g/mol and Ga<sup>3+</sup>:  69.72 g/mol),     21.93 mg,     33.46 mg,     11.15 mg,    166.17 mg,   5539.13 mg
A solution is 285.8 ppm in FeCl<sub>3</sub>. How many mg of FeCl<sub>3</sub> are there in 382.6 mL of the solution? (FeCl<sub>3</sub>: 162.21 g/mol and Fe<sup>3+</sup>:  55.85 g/mol),     37.64 mg,     71.68 mg,     23.89 mg,    327.95 mg,  10931.73 mg
A solution is 117.9 ppm in SnCl<sub>4</sub>. How many mg of SnCl<sub>4</sub> are there in 439.4 mL of the solution? (SnCl<sub>4</sub>: 260.50 g/mol and Sn<sup>4+</sup>: 118.69 g/mol),     23.61 mg,     28.21 mg,      7.05 mg,    207.29 mg,   5182.15 mg
A solution is 180.4 ppm in Na<sub>2</sub>S. How many mg of Na<sub>2</sub>S are there in 365.5 mL of the solution? (Na<sub>2</sub>S:  78.04 g/mol and Na<sup>+</sup>:  22.99 g/mol),     38.84 mg,     27.08 mg,     54.16 mg,     65.92 mg,   6591.90 mg
A solution is 198.4 ppm in K<sub>2</sub>S. How many mg of K<sub>2</sub>S are there in 301.9 mL of the solution? (K<sub>2</sub>S: 110.26 g/mol and K<sup>+</sup>:  39.10 g/mol),     42.49 mg,     17.42 mg,     34.84 mg,     59.91 mg,   5990.83 mg
A solution is 165.9 ppm in Rb<sub>2</sub>S. How many mg of Rb<sub>2</sub>S are there in 273.9 mL of the solution? (Rb<sub>2</sub>S: 203.00 g/mol and Rb<sup>+</sup>:  85.47 g/mol),     38.27 mg,      7.18 mg,     14.35 mg,     45.45 mg,   4544.58 mg
A solution is 218.0 ppm in Co<sub>2</sub>(SO<sub>4</sub>)<sub>3</sub>. How many mg of Co<sub>2</sub>(SO<sub>4</sub>)<sub>3</sub> are there in 292.5 mL of the solution? (Co<sub>2</sub>(SO<sub>4</sub>)<sub>3</sub>: 406.03 g/mol and Co<sup>3+</sup>:  58.93 g/mol),     18.50 mg,     45.24 mg,     30.16 mg,    191.24 mg,   6374.60 mg
A solution is 285.5 ppm in Fe<sub>2</sub>(SO<sub>4</sub>)<sub>3</sub>. How many mg of Fe<sub>2</sub>(SO<sub>4</sub>)<sub>3</sub> are there in 274.5 mL of the solution? (Fe<sub>2</sub>(SO<sub>4</sub>)<sub>3</sub>: 399.87 g/mol and Fe<sup>3+</sup>:  55.85 g/mol),     21.89 mg,     56.48 mg,     37.65 mg,    235.11 mg,   7837.11 mg
A solution is 188.8 ppm in NaCl. How many mg of Cl<sup>-</sup> are there in 318.2 mL of the solution? (NaCl:  58.44 g/mol and Cl<sup>-</sup>:  35.45 g/mol),     36.44 mg,     23.63 mg,     36.44 mg,     60.07 mg,   6007.43 mg
A solution is 274.5 ppm in KCl. How many mg of Cl<sup>-</sup> are there in 437.7 mL of the solution? (KCl:  74.55 g/mol and Cl<sup>-</sup>:  35.45 g/mol),     57.14 mg,     63.01 mg,     57.14 mg,    120.15 mg,  12014.50 mg
A solution is 154.6 ppm in LiCl. How many mg of Cl<sup>-</sup> are there in 418.4 mL of the solution? (LiCl:  42.39 g/mol and Cl<sup>-</sup>:  35.45 g/mol),     54.09 mg,     10.59 mg,     54.09 mg,     64.68 mg,   6468.16 mg
A solution is 151.3 ppm in MgCl<sub>2</sub>. How many mg of Cl<sup>-</sup> are there in 272.5 mL of the solution? (MgCl<sub>2</sub>:  95.21 g/mol and Cl<sup>-</sup>:  35.45 g/mol),     30.71 mg,     10.53 mg,     15.35 mg,     82.46 mg,   4123.24 mg
A solution is 106.2 ppm in CaCl<sub>2</sub>. How many mg of Cl<sup>-</sup> are there in 330.7 mL of the solution? (CaCl<sub>2</sub>: 110.99 g/mol and Cl<sup>-</sup>:  35.45 g/mol),     22.43 mg,     12.68 mg,     11.22 mg,     70.23 mg,   3511.49 mg
A solution is 258.0 ppm in SrCl<sub>2</sub>. How many mg of Cl<sup>-</sup> are there in 324.3 mL of the solution? (SrCl<sub>2</sub>: 158.53 g/mol and Cl<sup>-</sup>:  35.45 g/mol),     37.43 mg,     46.25 mg,     18.71 mg,    167.36 mg,   8368.15 mg
A solution is 147.1 ppm in AlCl<sub>3</sub>. How many mg of Cl<sup>-</sup> are there in 370.1 mL of the solution? (AlCl<sub>3</sub>: 133.34 g/mol and Cl<sup>-</sup>:  35.45 g/mol),     43.41 mg,     11.01 mg,     14.47 mg,    163.29 mg,   5442.83 mg
A solution is 150.9 ppm in GaCl<sub>3</sub>. How many mg of Cl<sup>-</sup> are there in 335.2 mL of the solution? (GaCl<sub>3</sub>: 176.08 g/mol and Cl<sup>-</sup>:  35.45 g/mol),     30.55 mg,     20.03 mg,     10.18 mg,    151.74 mg,   5058.12 mg
A solution is 109.0 ppm in FeCl<sub>3</sub>. How many mg of Cl<sup>-</sup> are there in 370.6 mL of the solution? (FeCl<sub>3</sub>: 162.21 g/mol and Cl<sup>-</sup>:  35.45 g/mol),     26.48 mg,     13.91 mg,      8.83 mg,    121.17 mg,   4039.13 mg
A solution is 141.2 ppm in SnCl<sub>4</sub>. How many mg of Cl<sup>-</sup> are there in 466.1 mL of the solution? (SnCl<sub>4</sub>: 260.50 g/mol and Cl<sup>-</sup>:  35.45 g/mol),     35.83 mg,     29.99 mg,      8.96 mg,    263.28 mg,   6581.97 mg
A solution is 217.7 ppm in Na<sub>2</sub>S. How many mg of S<sup>2-</sup> are there in 438.7 mL of the solution? (Na<sub>2</sub>S:  78.04 g/mol and S<sup>2-</sup>:  32.06 g/mol),     39.24 mg,     56.28 mg,     78.48 mg,     95.52 mg,   9552.22 mg
A solution is 285.6 ppm in K<sub>2</sub>S. How many mg of S<sup>2-</sup> are there in 332.8 mL of the solution? (K<sub>2</sub>S: 110.26 g/mol and S<sup>2-</sup>:  32.06 g/mol),     27.63 mg,     67.40 mg,     55.26 mg,     95.03 mg,   9502.68 mg
A solution is 208.6 ppm in Rb<sub>2</sub>S. How many mg of S<sup>2-</sup> are there in 270.2 mL of the solution? (Rb<sub>2</sub>S: 203.00 g/mol and S<sup>2-</sup>:  32.06 g/mol),      8.90 mg,     47.45 mg,     17.80 mg,     56.35 mg,   5635.49 mg
A solution is 226.9 ppm in Co<sub>2</sub>(SO<sub>4</sub>)<sub>3</sub>. How many mg of SO<sub>4</sub><sup>2-</sup> are there in 352.5 mL of the solution? (Co<sub>2</sub>(SO<sub>4</sub>)<sub>3</sub>: 406.03 g/mol and SO<sub>4</sub><sup>2-</sup>:  96.06 g/mol),     56.76 mg,     23.21 mg,     37.84 mg,    239.93 mg,   7997.53 mg
A solution is 292.1 ppm in Fe<sub>2</sub>(SO<sub>4</sub>)<sub>3</sub>. How many mg of SO<sub>4</sub><sup>2-</sup> are there in 278.7 mL of the solution? (Fe<sub>2</sub>(SO<sub>4</sub>)<sub>3</sub>: 399.87 g/mol and SO<sub>4</sub><sup>2-</sup>:  96.06 g/mol),     58.66 mg,     22.74 mg,     39.10 mg,    244.17 mg,   8139.11 mg
There are   46.1 mg of NaCl in a sample of 284.7 ppm solution. What is the volume of the sample?, 162.0 mL, 324.0 mL,  81.0 mL, 162.0 mL, 162.0 mL
There are   19.5 mg of KCl in a sample of 169.5 ppm solution. What is the volume of the sample?, 114.9 mL, 229.8 mL,  57.5 mL, 114.9 mL, 114.9 mL
There are   23.9 mg of LiCl in a sample of 196.0 ppm solution. What is the volume of the sample?, 121.9 mL, 243.9 mL,  61.0 mL, 121.9 mL, 121.9 mL
There are   33.8 mg of MgCl<sub>2</sub> in a sample of 298.7 ppm solution. What is the volume of the sample?, 113.0 mL, 339.1 mL,  37.7 mL, 226.1 mL, 113.0 mL
There are   14.2 mg of CaCl<sub>2</sub> in a sample of 105.8 ppm solution. What is the volume of the sample?, 134.5 mL, 403.6 mL,  44.8 mL, 269.1 mL, 134.5 mL
There are   40.3 mg of SrCl<sub>2</sub> in a sample of 209.5 ppm solution. What is the volume of the sample?, 192.3 mL, 576.9 mL,  64.1 mL, 384.6 mL, 192.3 mL
There are   29.2 mg of AlCl<sub>3</sub> in a sample of 207.6 ppm solution. What is the volume of the sample?, 140.6 mL, 562.6 mL,  35.2 mL, 421.9 mL, 140.6 mL
There are   49.2 mg of GaCl<sub>3</sub> in a sample of 269.4 ppm solution. What is the volume of the sample?, 182.6 mL, 730.5 mL,  45.7 mL, 547.9 mL, 182.6 mL
There are   40.4 mg of FeCl<sub>3</sub> in a sample of 234.5 ppm solution. What is the volume of the sample?, 172.2 mL, 688.8 mL,  43.0 mL, 516.6 mL, 172.2 mL
There are   40.1 mg of SnCl<sub>4</sub> in a sample of 299.4 ppm solution. What is the volume of the sample?, 134.0 mL, 669.9 mL,  26.8 mL, 535.9 mL, 134.0 mL
There are   28.1 mg of Na<sub>2</sub>S in a sample of 199.0 ppm solution. What is the volume of the sample?, 141.3 mL, 423.9 mL,  47.1 mL, 141.3 mL,  70.6 mL
There are   28.2 mg of K<sub>2</sub>S in a sample of 239.1 ppm solution. What is the volume of the sample?, 117.9 mL, 353.7 mL,  39.3 mL, 117.9 mL,  59.0 mL
There are   28.5 mg of Rb<sub>2</sub>S in a sample of 184.6 ppm solution. What is the volume of the sample?, 154.3 mL, 463.0 mL,  51.4 mL, 154.3 mL,  77.2 mL
There are   40.5 mg of Co<sub>2</sub>(SO<sub>4</sub>)<sub>3</sub> in a sample of 262.9 ppm solution. What is the volume of the sample?, 154.1 mL, 770.5 mL,  30.8 mL, 462.3 mL,  77.0 mL
There are   28.0 mg of Fe<sub>2</sub>(SO<sub>4</sub>)<sub>3</sub> in a sample of 185.5 ppm solution. What is the volume of the sample?, 150.9 mL, 754.5 mL,  30.2 mL, 452.7 mL,  75.5 mL
There are   15.3 mg of Na<sup>+</sup> in a sample of 272.8 ppm solution of NaCl. What is the volume of the sample? (NaCl:  58.44 g/mol and Na<sup>+</sup>:  22.99 g/mol), 142.9 mL, 285.8 mL,  71.4 mL, 142.9 mL, 142.9 mL
There are   23.9 mg of K<sup>+</sup> in a sample of 299.0 ppm solution of KCl. What is the volume of the sample? (KCl:  74.55 g/mol and K<sup>+</sup>:  39.10 g/mol), 152.1 mL, 304.2 mL,  76.1 mL, 152.1 mL, 152.1 mL
There are    5.9 mg of Li<sup>+</sup> in a sample of 338.7 ppm solution of LiCl. What is the volume of the sample? (LiCl:  42.39 g/mol and Li<sup>+</sup>:   6.94 g/mol), 105.6 mL, 211.2 mL,  52.8 mL, 105.6 mL, 105.6 mL
There are    6.7 mg of Mg<sup>2+</sup> in a sample of 280.2 ppm solution of MgCl<sub>2</sub>. What is the volume of the sample? (MgCl<sub>2</sub>:  95.21 g/mol and Mg<sup>2+</sup>:  24.31 g/mol),  93.9 mL, 281.8 mL,  31.3 mL, 187.9 mL,  93.9 mL
There are   12.4 mg of Ca<sup>2+</sup> in a sample of 265.0 ppm solution of CaCl<sub>2</sub>. What is the volume of the sample? (CaCl<sub>2</sub>: 110.99 g/mol and Ca<sup>2+</sup>:  40.08 g/mol), 129.5 mL, 388.4 mL,  43.2 mL, 258.9 mL, 129.5 mL
There are   20.7 mg of Sr<sup>2+</sup> in a sample of 272.3 ppm solution of SrCl<sub>2</sub>. What is the volume of the sample? (SrCl<sub>2</sub>: 158.53 g/mol and Sr<sup>2+</sup>:  87.62 g/mol), 137.7 mL, 413.0 mL,  45.9 mL, 275.4 mL, 137.7 mL
There are   10.5 mg of Al<sup>3+</sup> in a sample of 286.3 ppm solution of AlCl<sub>3</sub>. What is the volume of the sample? (AlCl<sub>3</sub>: 133.34 g/mol and Al<sup>3+</sup>:  26.98 g/mol), 181.4 mL, 725.6 mL,  45.3 mL, 544.2 mL, 181.4 mL
There are    9.3 mg of Ga<sup>3+</sup> in a sample of 297.8 ppm solution of GaCl<sub>3</sub>. What is the volume of the sample? (GaCl<sub>3</sub>: 176.08 g/mol and Ga<sup>3+</sup>:  69.72 g/mol),  78.6 mL, 314.4 mL,  19.6 mL, 235.8 mL,  78.6 mL
There are   17.8 mg of Fe<sup>3+</sup> in a sample of 318.4 ppm solution of FeCl<sub>3</sub>. What is the volume of the sample? (FeCl<sub>3</sub>: 162.21 g/mol and Fe<sup>3+</sup>:  55.85 g/mol), 162.1 mL, 648.4 mL,  40.5 mL, 486.3 mL, 162.1 mL
There are   23.7 mg of Sn<sup>4+</sup> in a sample of 311.4 ppm solution of SnCl<sub>4</sub>. What is the volume of the sample? (SnCl<sub>4</sub>: 260.50 g/mol and Sn<sup>4+</sup>: 118.69 g/mol), 167.3 mL, 836.6 mL,  33.5 mL, 669.3 mL, 167.3 mL
There are   13.4 mg of Na<sup>+</sup> in a sample of 266.2 ppm solution of Na<sub>2</sub>S. What is the volume of the sample? (Na<sub>2</sub>S:  78.04 g/mol and Na<sup>+</sup>:  22.99 g/mol), 171.2 mL, 513.5 mL,  57.1 mL, 171.2 mL,  85.6 mL
There are   18.5 mg of K<sup>+</sup> in a sample of 270.3 ppm solution of K<sub>2</sub>S. What is the volume of the sample? (K<sub>2</sub>S: 110.26 g/mol and K<sup>+</sup>:  39.10 g/mol), 193.5 mL, 580.5 mL,  64.5 mL, 193.5 mL,  96.8 mL
There are    6.4 mg of Rb<sup>+</sup> in a sample of 256.6 ppm solution of Rb<sub>2</sub>S. What is the volume of the sample? (Rb<sub>2</sub>S: 203.00 g/mol and Rb<sup>+</sup>:  85.47 g/mol),  59.2 mL, 177.7 mL,  19.7 mL,  59.2 mL,  29.6 mL
There are    5.1 mg of Co<sup>3+</sup> in a sample of 329.3 ppm solution of Co<sub>2</sub>(SO<sub>4</sub>)<sub>3</sub>. What is the volume of the sample? (Co<sub>2</sub>(SO<sub>4</sub>)<sub>3</sub>: 406.03 g/mol and Co<sup>3+</sup>:  58.93 g/mol), 106.9 mL, 534.7 mL,  21.4 mL, 320.8 mL,  53.5 mL
There are    2.8 mg of Fe<sup>3+</sup> in a sample of 296.4 ppm solution of Fe<sub>2</sub>(SO<sub>4</sub>)<sub>3</sub>. What is the volume of the sample? (Fe<sub>2</sub>(SO<sub>4</sub>)<sub>3</sub>: 399.87 g/mol and Fe<sup>3+</sup>:  55.85 g/mol),  67.9 mL, 339.7 mL,  13.6 mL, 203.8 mL,  34.0 mL
There are   12.1 mg of Cl<sup>-</sup> in a sample of 261.5 ppm solution of NaCl. What is the volume of the sample? (NaCl:  58.44 g/mol and Cl<sup>-</sup>:  35.45 g/mol),  76.1 mL, 152.1 mL,  38.0 mL,  76.1 mL,  76.1 mL
There are   19.1 mg of Cl<sup>-</sup> in a sample of 254.8 ppm solution of KCl. What is the volume of the sample? (KCl:  74.55 g/mol and Cl<sup>-</sup>:  35.45 g/mol), 157.2 mL, 314.4 mL,  78.6 mL, 157.2 mL, 157.2 mL
There are   34.0 mg of Cl<sup>-</sup> in a sample of 303.3 ppm solution of LiCl. What is the volume of the sample? (LiCl:  42.39 g/mol and Cl<sup>-</sup>:  35.45 g/mol), 134.2 mL, 268.3 mL,  67.1 mL, 134.2 mL, 134.2 mL
There are   12.2 mg of Cl<sup>-</sup> in a sample of 271.7 ppm solution of MgCl<sub>2</sub>. What is the volume of the sample? (MgCl<sub>2</sub>:  95.21 g/mol and Cl<sup>-</sup>:  35.45 g/mol), 120.2 mL, 360.6 mL,  40.1 mL, 240.4 mL, 120.2 mL
There are   16.9 mg of Cl<sup>-</sup> in a sample of 324.6 ppm solution of CaCl<sub>2</sub>. What is the volume of the sample? (CaCl<sub>2</sub>: 110.99 g/mol and Cl<sup>-</sup>:  35.45 g/mol), 162.8 mL, 488.5 mL,  54.3 mL, 325.7 mL, 162.8 mL
There are   12.0 mg of Cl<sup>-</sup> in a sample of 289.9 ppm solution of SrCl<sub>2</sub>. What is the volume of the sample? (SrCl<sub>2</sub>: 158.53 g/mol and Cl<sup>-</sup>:  35.45 g/mol), 185.5 mL, 556.4 mL,  61.8 mL, 370.9 mL, 185.5 mL
There are    5.5 mg of Cl<sup>-</sup> in a sample of 324.6 ppm solution of AlCl<sub>3</sub>. What is the volume of the sample? (AlCl<sub>3</sub>: 133.34 g/mol and Cl<sup>-</sup>:  35.45 g/mol),  63.3 mL, 253.1 mL,  15.8 mL, 189.9 mL,  63.3 mL
There are    9.9 mg of Cl<sup>-</sup> in a sample of 313.5 ppm solution of GaCl<sub>3</sub>. What is the volume of the sample? (GaCl<sub>3</sub>: 176.08 g/mol and Cl<sup>-</sup>:  35.45 g/mol), 157.0 mL, 627.8 mL,  39.2 mL, 470.9 mL, 157.0 mL
There are    6.3 mg of Cl<sup>-</sup> in a sample of 251.6 ppm solution of FeCl<sub>3</sub>. What is the volume of the sample? (FeCl<sub>3</sub>: 162.21 g/mol and Cl<sup>-</sup>:  35.45 g/mol), 114.7 mL, 458.7 mL,  28.7 mL, 344.0 mL, 114.7 mL
There are    3.6 mg of Cl<sup>-</sup> in a sample of 290.2 ppm solution of SnCl<sub>4</sub>. What is the volume of the sample? (SnCl<sub>4</sub>: 260.50 g/mol and Cl<sup>-</sup>:  35.45 g/mol),  91.3 mL, 456.5 mL,  18.3 mL, 365.2 mL,  91.3 mL
There are   24.4 mg of S<sup>2-</sup> in a sample of 348.5 ppm solution of Na<sub>2</sub>S. What is the volume of the sample? (Na<sub>2</sub>S:  78.04 g/mol and S<sup>2-</sup>:  32.06 g/mol), 170.4 mL, 511.2 mL,  56.8 mL, 170.4 mL,  85.2 mL
There are   10.5 mg of S<sup>2-</sup> in a sample of 319.6 ppm solution of K<sub>2</sub>S. What is the volume of the sample? (K<sub>2</sub>S: 110.26 g/mol and S<sup>2-</sup>:  32.06 g/mol), 112.6 mL, 337.9 mL,  37.5 mL, 112.6 mL,  56.3 mL
There are    4.7 mg of S<sup>2-</sup> in a sample of 323.4 ppm solution of Rb<sub>2</sub>S. What is the volume of the sample? (Rb<sub>2</sub>S: 203.00 g/mol and S<sup>2-</sup>:  32.06 g/mol),  91.6 mL, 274.7 mL,  30.5 mL,  91.6 mL,  45.8 mL
There are    7.8 mg of SO<sub>4</sub><sup>2-</sup> in a sample of 285.7 ppm solution of Co<sub>2</sub>(SO<sub>4</sub>)<sub>3</sub>. What is the volume of the sample? (Co<sub>2</sub>(SO<sub>4</sub>)<sub>3</sub>: 406.03 g/mol and SO<sub>4</sub><sup>2-</sup>:  96.06 g/mol), 115.0 mL, 575.1 mL,  23.0 mL, 345.1 mL,  57.5 mL
There are    5.6 mg of SO<sub>4</sub><sup>2-</sup> in a sample of 344.5 ppm solution of Fe<sub>2</sub>(SO<sub>4</sub>)<sub>3</sub>. What is the volume of the sample? (Fe<sub>2</sub>(SO<sub>4</sub>)<sub>3</sub>: 399.87 g/mol and SO<sub>4</sub><sup>2-</sup>:  96.06 g/mol),  68.2 mL, 341.2 mL,  13.6 mL, 204.7 mL,  34.1 mL
